03.02.2020 16:11:24,SearchUI.exe,test_1  ,0   ,1.32,215.12,123.46
03.02.2020 16:11:26,SearchUI.exe,test_1  ,26.3,1.41,229.36,132.36
03.02.2020 16:11:27,SearchUI.exe,test_1  ,21.3,1.09,176.62,95.34
03.02.2020 16:11:30,SearchUI.exe,test_1  ,0.7 ,1.07,173.39,92.19
03.02.2020 16:11:31,SearchUI.exe,test_1  ,0   ,1.07,173.39,91.94
03.02.2020 16:11:33,SearchUI.exe,test_1  ,2.8 ,1.05,171.48,90.32
03.02.2020 16:11:42,SearchUI.exe,test_2  ,0   ,1.41,229.6 ,129.11
03.02.2020 16:11:43,SearchUI.exe,test_2  ,27.8,1.46,237.74,135.02
03.02.2020 16:11:45,SearchUI.exe,test_2  ,15.4,1.09,176.93,95.14
03.02.2020 16:11:47,SearchUI.exe,test_2  ,0.9 ,1.08,174.79,93.23
03.02.2020 16:11:48,SearchUI.exe,test_2  ,0.9 ,1.08,174.88,93.07
03.02.2020 16:11:57,SearchUI.exe,test_3  ,0   ,1.44,233.41,134.08
03.02.2020 16:11:59,SearchUI.exe,test_3  ,19.8,1.48,240.53,137.98
03.02.2020 16:12:00,SearchUI.exe,test_3  ,22.6,1.09,177.87,95.85
03.02.2020 16:12:03,SearchUI.exe,test_3  ,0   ,1.08,176.32,94.6
03.02.2020 16:12:04,SearchUI.exe,test_3  ,0   ,1.08,176.3 ,94.32
03.02.2020 16:12:13,SearchUI.exe,test_4  ,0   ,1.41,229.05,130.91
03.02.2020 16:12:15,SearchUI.exe,test_4  ,17.5,1.48,241.07,138.29
03.02.2020 16:12:16,SearchUI.exe,test_4  ,17.6,1.11,179.77,97.69
03.02.2020 16:12:18,SearchUI.exe,test_4  ,2.4 ,1.09,176.64,94.8
03.02.2020 16:12:20,SearchUI.exe,test_4  ,1.8 ,1.09,176.75,94.66
03.02.2020 16:12:29,SearchUI.exe,test_5  ,0   ,1.48,241.38,138.61
03.02.2020 16:12:30,SearchUI.exe,test_5  ,10.6,1.48,240.94,138.26
03.02.2020 16:12:32,SearchUI.exe,test_5  ,8.8 ,1.11,180.73,98.34
03.02.2020 16:12:34,SearchUI.exe,test_5  ,0.9 ,1.09,177.96,95.85
03.02.2020 16:12:36,SearchUI.exe,test_5  ,0   ,1.09,177.95,95.59
03.02.2020 16:12:45,SearchUI.exe,test_6  ,0   ,1.42,231.29,132.44
03.02.2020 16:12:46,SearchUI.exe,test_6  ,29  ,1.49,242.11,138.66
03.02.2020 16:12:48,SearchUI.exe,test_6  ,13.1,1.11,180.36,97.9
03.02.2020 16:12:50,SearchUI.exe,test_6  ,0   ,1.1 ,178.89,96.29
03.02.2020 16:12:51,SearchUI.exe,test_6  ,3.8 ,1.11,179.88,96.84
03.02.2020 16:13:00,SearchUI.exe,test_7  ,0   ,1.43,232.65,132.25
03.02.2020 16:13:02,SearchUI.exe,test_7  ,18.3,1.49,241.76,138.05
03.02.2020 16:13:04,SearchUI.exe,test_7  ,12.2,1.11,181.19,97.92
03.02.2020 16:13:06,SearchUI.exe,test_7  ,2.7 ,1.12,181.45,98.48
03.02.2020 16:13:16,SearchUI.exe,test_8  ,0   ,1.44,233.61,132.94
03.02.2020 16:13:17,SearchUI.exe,test_8  ,28.9,1.51,245.34,141.47
03.02.2020 16:13:19,SearchUI.exe,test_8  ,14  ,1.12,181.96,98.7
03.02.2020 16:13:21,SearchUI.exe,test_8  ,0   ,1.12,182.34,99.39
03.02.2020 16:13:23,SearchUI.exe,test_8  ,0   ,1.12,182.05,98.9
03.02.2020 16:13:32,SearchUI.exe,test_9  ,0   ,1.46,236.67,135.16
03.02.2020 16:13:33,SearchUI.exe,test_9  ,26.5,1.51,246.03,142.45
03.02.2020 16:13:35,SearchUI.exe,test_9  ,15.9,1.14,184.57,101.66
03.02.2020 16:13:37,SearchUI.exe,test_9  ,0   ,1.12,182.03,99.36
03.02.2020 16:13:39,SearchUI.exe,test_9  ,0   ,1.12,182.05,99.1
03.02.2020 16:13:48,SearchUI.exe,test_10 ,0   ,1.51,245.84,143.91
03.02.2020 16:13:49,SearchUI.exe,test_10 ,12.6,1.5 ,244.2 ,140.96
03.02.2020 16:13:51,SearchUI.exe,test_10 ,11.9,1.12,182.62,99.65
03.02.2020 16:13:53,SearchUI.exe,test_10 ,0.9 ,1.12,182.86,100.17
03.02.2020 16:13:54,SearchUI.exe,test_10 ,0   ,1.12,182.85,99.91
03.02.2020 16:14:03,SearchUI.exe,test_11 ,0   ,1.51,245.95,145.56
03.02.2020 16:14:05,SearchUI.exe,test_11 ,13.7,1.5 ,244.28,142.5
03.02.2020 16:14:07,SearchUI.exe,test_11 ,12.6,1.13,183.19,101.75
03.02.2020 16:14:08,SearchUI.exe,test_11 ,1.8 ,1.12,182.8 ,101.64
03.02.2020 16:14:10,SearchUI.exe,test_11 ,0   ,1.12,182.65,101.25
03.02.2020 16:14:19,SearchUI.exe,test_12 ,0   ,1.51,245   ,145.17
03.02.2020 16:14:20,SearchUI.exe,test_12 ,16  ,1.5 ,244.52,142.22
03.02.2020 16:14:22,SearchUI.exe,test_12 ,10.6,1.12,182.75,101.25
03.02.2020 16:14:24,SearchUI.exe,test_12 ,0   ,1.13,183.02,101.82
03.02.2020 16:14:25,SearchUI.exe,test_12 ,0   ,1.13,182.92,101.41
03.02.2020 16:14:34,SearchUI.exe,test_13 ,0   ,1.52,246.34,145.84
03.02.2020 16:14:36,SearchUI.exe,test_13 ,14.4,1.51,245.4 ,143.68
03.02.2020 16:14:38,SearchUI.exe,test_13 ,14.9,1.13,183.91,102.56
03.02.2020 16:14:39,SearchUI.exe,test_13 ,2.6 ,1.13,184.18,103.11
03.02.2020 16:14:41,SearchUI.exe,test_13 ,0   ,1.13,184.07,102.7
03.02.2020 16:14:50,SearchUI.exe,test_14 ,0   ,1.52,246.77,145.09
03.02.2020 16:14:51,SearchUI.exe,test_14 ,17.7,1.5 ,244.36,142.36
03.02.2020 16:14:53,SearchUI.exe,test_14 ,20.2,1.13,184.35,102.8
03.02.2020 16:14:55,SearchUI.exe,test_14 ,2.7 ,1.14,184.6 ,103.34
03.02.2020 16:15:05,SearchUI.exe,test_15 ,0   ,1.46,237.77,139.92
03.02.2020 16:15:07,SearchUI.exe,test_15 ,25.5,1.52,246.95,144.77
03.02.2020 16:15:09,SearchUI.exe,test_15 ,15.9,1.16,188.21,106.79
03.02.2020 16:15:11,SearchUI.exe,test_15 ,1.5 ,1.14,184.89,103.72
03.02.2020 16:15:12,SearchUI.exe,test_15 ,0   ,1.14,184.89,103.47
03.02.2020 16:15:21,SearchUI.exe,test_16 ,0   ,1.46,237.1 ,138.7
03.02.2020 16:15:23,SearchUI.exe,test_16 ,25.5,1.52,247.7 ,145.31
03.02.2020 16:15:25,SearchUI.exe,test_16 ,17  ,1.15,186.19,105.08
03.02.2020 16:15:27,SearchUI.exe,test_16 ,2.4 ,1.15,186.23,105.32
03.02.2020 16:15:28,SearchUI.exe,test_16 ,0   ,1.14,185.59,104.57
03.02.2020 16:15:37,SearchUI.exe,test_17 ,0   ,1.52,247.8 ,148.14
03.02.2020 16:15:39,SearchUI.exe,test_17 ,10.2,1.53,248.08,146.13
03.02.2020 16:15:40,SearchUI.exe,test_17 ,15.8,1.15,186.45,105.36
03.02.2020 16:15:42,SearchUI.exe,test_17 ,0   ,1.15,186.37,105.41
03.02.2020 16:15:44,SearchUI.exe,test_17 ,0   ,1.15,186.3 ,105.09
03.02.2020 16:15:53,SearchUI.exe,test_18 ,0   ,1.53,248.79,148.98
03.02.2020 16:15:55,SearchUI.exe,test_18 ,9.1 ,1.53,248.57,146.57
03.02.2020 16:15:56,SearchUI.exe,test_18 ,18  ,1.15,186.35,105.07
03.02.2020 16:15:58,SearchUI.exe,test_18 ,0.8 ,1.15,186.45,105.45
03.02.2020 16:16:00,SearchUI.exe,test_18 ,0   ,1.15,186.61,105.34
03.02.2020 16:16:09,SearchUI.exe,test_19 ,0   ,1.53,248.74,149.2
03.02.2020 16:16:10,SearchUI.exe,test_19 ,9   ,1.53,248.52,146.96
03.02.2020 16:16:13,SearchUI.exe,test_19 ,47  ,1.33,215.5 ,135.15
03.02.2020 16:16:14,SearchUI.exe,test_19 ,3   ,1.31,212.19,130.63
03.02.2020 16:16:24,SearchUI.exe,test_20 ,0   ,1.49,241.98,143.71
03.02.2020 16:16:26,SearchUI.exe,test_20 ,24.8,1.55,252.7 ,149.5
03.02.2020 16:16:28,SearchUI.exe,test_20 ,16.5,1.17,189.9 ,107.64
03.02.2020 16:16:30,SearchUI.exe,test_20 ,0.8 ,1.17,189.77,107.42
03.02.2020 16:16:40,SearchUI.exe,test_21 ,0   ,1.57,255.2 ,152.29
03.02.2020 16:16:42,SearchUI.exe,test_21 ,11.1,1.55,251.93,148.83
03.02.2020 16:16:44,SearchUI.exe,test_21 ,10.3,1.18,191.17,108.88
03.02.2020 16:16:45,SearchUI.exe,test_21 ,0.9 ,1.17,189.92,107.93
03.02.2020 16:16:56,SearchUI.exe,test_22 ,0   ,1.56,253.86,153.13
03.02.2020 16:16:58,SearchUI.exe,test_22 ,12  ,1.55,252.6 ,149.4
03.02.2020 16:16:59,SearchUI.exe,test_22 ,11.9,1.17,190.62,108.24
03.02.2020 16:17:02,SearchUI.exe,test_22 ,0.8 ,1.17,190.83,108.5
03.02.2020 16:17:12,SearchUI.exe,test_23 ,0   ,1.43,233.21,131.64
03.02.2020 16:17:13,SearchUI.exe,test_23 ,6.2 ,1.44,233.33,131.8
03.02.2020 16:17:15,SearchUI.exe,test_23 ,8.3 ,1.43,233.2 ,131.61
03.02.2020 16:17:17,SearchUI.exe,test_23 ,10.7,1.43,233.12,131.73
03.02.2020 16:17:26,SearchUI.exe,test_24 ,0   ,1.51,245.34,144.77
03.02.2020 16:17:28,SearchUI.exe,test_24 ,30.1,1.56,253.54,150.44
03.02.2020 16:17:29,SearchUI.exe,test_24 ,16.2,1.21,196.83,114.24
03.02.2020 16:17:31,SearchUI.exe,test_24 ,2.2 ,1.19,192.7 ,110.27
03.02.2020 16:17:33,SearchUI.exe,test_24 ,0.8 ,1.18,192.55,110.01
03.02.2020 16:17:42,SearchUI.exe,test_25 ,0   ,1.56,254.32,153.34
03.02.2020 16:17:44,SearchUI.exe,test_25 ,13.1,1.57,254.6 ,151.3
03.02.2020 16:17:46,SearchUI.exe,test_25 ,11.5,1.18,191.91,109.47
03.02.2020 16:17:48,SearchUI.exe,test_25 ,2.6 ,1.18,192.19,110.02
03.02.2020 16:17:58,SearchUI.exe,test_26 ,0   ,1.51,245.33,146.88
03.02.2020 16:18:00,SearchUI.exe,test_26 ,23.9,1.57,254.75,151.7
03.02.2020 16:18:02,SearchUI.exe,test_26 ,12.3,1.19,193.21,110.98
03.02.2020 16:18:04,SearchUI.exe,test_26 ,0   ,1.19,193.02,111.07
03.02.2020 16:18:14,SearchUI.exe,test_27 ,0   ,1.57,255.43,154.16
03.02.2020 16:18:16,SearchUI.exe,test_27 ,9.4 ,1.56,253.83,150.76
03.02.2020 16:18:18,SearchUI.exe,test_27 ,13.5,1.19,193.5 ,111.2
03.02.2020 16:18:20,SearchUI.exe,test_27 ,2.8 ,1.19,193.77,111.76
03.02.2020 16:18:30,SearchUI.exe,test_28 ,0   ,1.58,256.78,155.39
03.02.2020 16:18:32,SearchUI.exe,test_28 ,12.3,1.56,253.96,151.22
03.02.2020 16:18:34,SearchUI.exe,test_28 ,8.4 ,1.2 ,195.04,112.75
03.02.2020 16:18:35,SearchUI.exe,test_28 ,1.8 ,1.19,193.65,111.66
03.02.2020 16:18:46,SearchUI.exe,test_29 ,0   ,1.57,254.85,155.35
03.02.2020 16:18:47,SearchUI.exe,test_29 ,10.6,1.56,253.96,152.02
03.02.2020 16:18:49,SearchUI.exe,test_29 ,13.7,1.19,193.62,111.94
03.02.2020 16:18:51,SearchUI.exe,test_29 ,2.5 ,1.19,193.92,112.53
03.02.2020 16:19:02,SearchUI.exe,test_30 ,0   ,1.67,270.77,168.16
03.02.2020 16:19:04,SearchUI.exe,test_30 ,28.2,1.6 ,259.95,156.82
03.02.2020 16:19:06,SearchUI.exe,test_30 ,7   ,1.24,201.32,118.11
03.02.2020 16:19:08,SearchUI.exe,test_30 ,4.2 ,1.23,199.77,116.59
03.02.2020 16:19:18,SearchUI.exe,test_31 ,0   ,1.6 ,260.68,158.34
03.02.2020 16:19:19,SearchUI.exe,test_31 ,13.6,1.6 ,260.54,156.37
03.02.2020 16:19:21,SearchUI.exe,test_31 ,11.1,1.23,199.6 ,115.76
03.02.2020 16:19:23,SearchUI.exe,test_31 ,1   ,1.22,198.19,114.65
03.02.2020 16:19:34,SearchUI.exe,test_32 ,0   ,1.6 ,259.4 ,158.74
03.02.2020 16:19:35,SearchUI.exe,test_32 ,11.5,1.59,257.98,155.43
03.02.2020 16:19:37,SearchUI.exe,test_32 ,11.8,1.21,197.42,115.63
03.02.2020 16:19:39,SearchUI.exe,test_32 ,3.6 ,1.22,197.7 ,116.1
03.02.2020 16:19:49,SearchUI.exe,test_33 ,0   ,1.6 ,259.98,159.43
03.02.2020 16:19:51,SearchUI.exe,test_33 ,12.6,1.59,258.42,155.84
03.02.2020 16:19:53,SearchUI.exe,test_33 ,12.7,1.21,196.77,114.94
03.02.2020 16:19:55,SearchUI.exe,test_33 ,0.9 ,1.21,197.05,115.5
03.02.2020 16:20:05,SearchUI.exe,test_34 ,0   ,1.61,262.06,159.82
03.02.2020 16:20:07,SearchUI.exe,test_34 ,14.3,1.59,258.66,155.98
03.02.2020 16:20:09,SearchUI.exe,test_34 ,9.1 ,1.21,197.19,115.29
03.02.2020 16:20:11,SearchUI.exe,test_34 ,0.9 ,1.21,197.3 ,115.82
03.02.2020 16:20:21,SearchUI.exe,test_35 ,0   ,1.61,261.14,160.85
03.02.2020 16:20:23,SearchUI.exe,test_35 ,14.4,1.6 ,260.58,158.48
03.02.2020 16:20:25,SearchUI.exe,test_35 ,9   ,1.24,201.05,119.27
03.02.2020 16:20:27,SearchUI.exe,test_35 ,5.2 ,1.22,199.02,117.38
03.02.2020 16:20:37,SearchUI.exe,test_36 ,0   ,1.62,262.68,160.14
03.02.2020 16:20:39,SearchUI.exe,test_36 ,11.3,1.6 ,260.32,157.33
03.02.2020 16:20:41,SearchUI.exe,test_36 ,15.6,1.23,199.43,117.23
03.02.2020 16:20:42,SearchUI.exe,test_36 ,0   ,1.23,200.49,118.55
03.02.2020 16:20:53,SearchUI.exe,test_37 ,0   ,1.55,252.5 ,152.71
03.02.2020 16:20:54,SearchUI.exe,test_37 ,25.2,1.62,262.79,161.51
03.02.2020 16:20:56,SearchUI.exe,test_37 ,12.6,1.6 ,260.07,157.22
03.02.2020 16:20:58,SearchUI.exe,test_37 ,6.4 ,1.24,201.19,118.93
03.02.2020 16:21:07,SearchUI.exe,test_38 ,0   ,1.62,263.26,162.39
03.02.2020 16:21:09,SearchUI.exe,test_38 ,8.6 ,1.61,261.29,158.39
03.02.2020 16:21:11,SearchUI.exe,test_38 ,11.9,1.23,200.24,118.15
03.02.2020 16:21:13,SearchUI.exe,test_38 ,2.5 ,1.23,200.42,118.58
03.02.2020 16:21:23,SearchUI.exe,test_39 ,0   ,1.61,262.5 ,163.11
03.02.2020 16:21:25,SearchUI.exe,test_39 ,13.6,1.6 ,260.92,159.02
03.02.2020 16:21:27,SearchUI.exe,test_39 ,30.1,1.33,215.86,135
03.02.2020 16:21:29,SearchUI.exe,test_39 ,0   ,1.25,203.88,122.83
03.02.2020 16:21:39,SearchUI.exe,test_40 ,0   ,1.6 ,260.88,160.66
03.02.2020 16:21:41,SearchUI.exe,test_40 ,15.6,1.63,265.16,162.26
03.02.2020 16:21:43,SearchUI.exe,test_40 ,14.5,1.27,206.14,123.95
03.02.2020 16:21:45,SearchUI.exe,test_40 ,0.9 ,1.26,205.02,123.11
03.02.2020 16:21:55,SearchUI.exe,test_41 ,0   ,1.64,266.64,165.25
03.02.2020 16:21:57,SearchUI.exe,test_41 ,9.3 ,1.63,264.7 ,161.52
03.02.2020 16:21:59,SearchUI.exe,test_41 ,9.9 ,1.26,205.33,123.11
03.02.2020 16:22:01,SearchUI.exe,test_41 ,1.4 ,1.25,203.77,121.81
03.02.2020 16:22:12,SearchUI.exe,test_42 ,0   ,1.64,266.86,166.08
03.02.2020 16:22:13,SearchUI.exe,test_42 ,13.2,1.63,264.63,162.12
03.02.2020 16:22:15,SearchUI.exe,test_42 ,6.7 ,1.27,205.89,123.51
03.02.2020 16:22:17,SearchUI.exe,test_42 ,2.5 ,1.26,204.46,122.35
03.02.2020 16:22:28,SearchUI.exe,test_43 ,0   ,1.59,257.7 ,159.2
03.02.2020 16:22:29,SearchUI.exe,test_43 ,18.9,1.65,268.1 ,165.2
03.02.2020 16:22:31,SearchUI.exe,test_43 ,17.3,1.27,205.78,123.43
03.02.2020 16:22:34,SearchUI.exe,test_43 ,1.5 ,1.26,204.25,122.16
03.02.2020 16:22:44,SearchUI.exe,test_44 ,0   ,1.58,257.36,158.33
03.02.2020 16:22:46,SearchUI.exe,test_44 ,23.6,1.65,267.47,165.87
03.02.2020 16:22:47,SearchUI.exe,test_44 ,14.7,1.56,253.83,145.98
03.02.2020 16:22:59,SearchUI.exe,test_45 ,0   ,1.64,266.6 ,164.33
03.02.2020 16:23:01,SearchUI.exe,test_45 ,13.8,1.64,266.09,163.03
03.02.2020 16:23:03,SearchUI.exe,test_45 ,11.8,1.27,206.05,123.88
03.02.2020 16:23:05,SearchUI.exe,test_45 ,0.8 ,1.27,206.23,124.34
03.02.2020 16:23:15,SearchUI.exe,test_46 ,0   ,1.59,258.01,159.48
03.02.2020 16:23:17,SearchUI.exe,test_46 ,20.2,1.64,266.93,163.95
03.02.2020 16:23:19,SearchUI.exe,test_46 ,11.8,1.27,206.28,124.15
03.02.2020 16:23:21,SearchUI.exe,test_46 ,1.6 ,1.27,205.87,124.6
03.02.2020 16:23:31,SearchUI.exe,test_47 ,0   ,1.64,266.77,166.8
03.02.2020 16:23:33,SearchUI.exe,test_47 ,15.3,1.63,265.54,163.27
03.02.2020 16:23:35,SearchUI.exe,test_47 ,12.6,1.26,205.21,123.71
03.02.2020 16:23:37,SearchUI.exe,test_47 ,0   ,1.26,205.37,124.07
03.02.2020 16:23:47,SearchUI.exe,test_48 ,0   ,1.65,268.66,168.28
03.02.2020 16:23:49,SearchUI.exe,test_48 ,12  ,1.64,266.03,163.73
03.02.2020 16:23:51,SearchUI.exe,test_48 ,11.6,1.26,205.44,123.88
03.02.2020 16:23:53,SearchUI.exe,test_48 ,1.6 ,1.26,205.6 ,124.28
03.02.2020 16:24:04,SearchUI.exe,test_49 ,0   ,1.65,267.96,166.26
03.02.2020 16:24:06,SearchUI.exe,test_49 ,11.7,1.64,265.87,163.84
03.02.2020 16:24:08,SearchUI.exe,test_49 ,9.4 ,1.27,205.77,124.19
03.02.2020 16:24:10,SearchUI.exe,test_49 ,0   ,1.27,205.96,124.64
03.02.2020 16:24:20,SearchUI.exe,test_50 ,0   ,1.65,267.59,165.95
03.02.2020 16:24:21,SearchUI.exe,test_50 ,10.7,1.64,265.85,163.6
03.02.2020 16:24:24,SearchUI.exe,test_50 ,7.2 ,1.27,205.67,124.13
03.02.2020 16:24:26,SearchUI.exe,test_50 ,0.8 ,1.27,205.84,124.55
03.02.2020 16:24:36,SearchUI.exe,test_51 ,0   ,1.65,268.09,167.95
03.02.2020 16:24:37,SearchUI.exe,test_51 ,9.8 ,1.64,265.98,164.29
03.02.2020 16:24:40,SearchUI.exe,test_51 ,8.4 ,1.27,206.57,125.08
03.02.2020 16:24:42,SearchUI.exe,test_51 ,5.6 ,1.27,206.73,125.43
03.02.2020 16:24:52,SearchUI.exe,test_52 ,0   ,1.65,269   ,167.52
03.02.2020 16:24:54,SearchUI.exe,test_52 ,12.5,1.64,266.09,163.86
03.02.2020 16:24:56,SearchUI.exe,test_52 ,4.7 ,1.27,206.43,125.24
03.02.2020 16:24:58,SearchUI.exe,test_52 ,0.8 ,1.27,206.6 ,125.41
03.02.2020 16:25:08,SearchUI.exe,test_53 ,0   ,1.65,268.2 ,166.71
03.02.2020 16:25:10,SearchUI.exe,test_53 ,14.3,1.64,266.44,164.43
03.02.2020 16:25:12,SearchUI.exe,test_53 ,9   ,1.27,206.17,125
03.02.2020 16:25:14,SearchUI.exe,test_53 ,0   ,1.27,206.33,125.16
03.02.2020 16:25:24,SearchUI.exe,test_54 ,0   ,1.65,268.12,168.16
03.02.2020 16:25:26,SearchUI.exe,test_54 ,8.9 ,1.64,267.36,165.14
03.02.2020 16:25:28,SearchUI.exe,test_54 ,10  ,1.28,207.44,126.1
03.02.2020 16:25:30,SearchUI.exe,test_54 ,0.8 ,1.28,207.63,126.33
03.02.2020 16:25:40,SearchUI.exe,test_55 ,0   ,1.66,269.66,169.84
03.02.2020 16:25:42,SearchUI.exe,test_55 ,9.6 ,1.65,268.31,166.22
03.02.2020 16:25:44,SearchUI.exe,test_55 ,8.2 ,1.28,208.59,127.37
03.02.2020 16:25:46,SearchUI.exe,test_55 ,1.6 ,1.28,208.69,127.46
03.02.2020 16:25:57,SearchUI.exe,test_56 ,0   ,1.66,270.35,170.07
03.02.2020 16:25:58,SearchUI.exe,test_56 ,11.5,1.65,268.72,166.6
03.02.2020 16:26:01,SearchUI.exe,test_56 ,11.1,1.29,210.52,129.3
03.02.2020 16:26:03,SearchUI.exe,test_56 ,2   ,1.29,210.26,129.27
03.02.2020 16:26:13,SearchUI.exe,test_57 ,0   ,1.67,270.82,170.61
03.02.2020 16:26:15,SearchUI.exe,test_57 ,10.7,1.66,269.55,167.45
03.02.2020 16:26:17,SearchUI.exe,test_57 ,8.5 ,1.29,210.2 ,128.84
03.02.2020 16:26:19,SearchUI.exe,test_57 ,2.4 ,1.29,210.44,129.32
03.02.2020 16:26:29,SearchUI.exe,test_58 ,0   ,1.67,271.29,170.78
03.02.2020 16:26:31,SearchUI.exe,test_58 ,15.2,1.66,269.92,168.56
03.02.2020 16:26:33,SearchUI.exe,test_58 ,9   ,1.29,210.29,128.89
03.02.2020 16:26:35,SearchUI.exe,test_58 ,0.8 ,1.3 ,210.55,129.42
03.02.2020 16:26:46,SearchUI.exe,test_59 ,0   ,1.61,262.15,164.8
03.02.2020 16:26:47,SearchUI.exe,test_59 ,16.9,1.67,271.21,169.08
03.02.2020 16:26:50,SearchUI.exe,test_59 ,30.4,1.38,224.05,143.22
03.02.2020 16:26:52,SearchUI.exe,test_59 ,0   ,1.29,209.23,127.98
03.02.2020 16:27:03,SearchUI.exe,test_60 ,0   ,1.66,269.82,166.93
03.02.2020 16:27:05,SearchUI.exe,test_60 ,24.4,1.3 ,210.68,128.59
03.02.2020 16:27:07,SearchUI.exe,test_60 ,2.1 ,1.27,207.2 ,125.2
03.02.2020 16:27:09,SearchUI.exe,test_60 ,1.6 ,1.27,207   ,124.7
03.02.2020 16:27:18,SearchUI.exe,test_61 ,0   ,1.66,270.48,169.39
03.02.2020 16:27:20,SearchUI.exe,test_61 ,11.5,1.65,268.42,165.13
03.02.2020 16:27:22,SearchUI.exe,test_61 ,11.4,1.28,207.91,125.56
03.02.2020 16:27:24,SearchUI.exe,test_61 ,1.6 ,1.28,208.06,126
03.02.2020 16:27:35,SearchUI.exe,test_62 ,0   ,1.66,270.67,169.23
03.02.2020 16:27:36,SearchUI.exe,test_62 ,13.2,1.65,268.48,165.58
03.02.2020 16:27:39,SearchUI.exe,test_62 ,4.4 ,1.28,208.91,126.83
03.02.2020 16:27:41,SearchUI.exe,test_62 ,0.8 ,1.28,208.91,126.59
03.02.2020 16:27:51,SearchUI.exe,test_63 ,0   ,1.67,270.88,169.58
03.02.2020 16:27:52,SearchUI.exe,test_63 ,13.9,1.65,268.54,165.56
03.02.2020 16:27:55,SearchUI.exe,test_63 ,6.5 ,1.29,209.11,127.06
03.02.2020 16:27:57,SearchUI.exe,test_63 ,4.5 ,1.29,209.24,127.17
03.02.2020 16:28:07,SearchUI.exe,test_64 ,0   ,1.67,272.04,170.86
03.02.2020 16:28:09,SearchUI.exe,test_64 ,11.3,1.67,271.54,166.61
03.02.2020 16:28:11,SearchUI.exe,test_64 ,6.8 ,1.29,210.46,128.42
03.02.2020 16:28:13,SearchUI.exe,test_64 ,0   ,1.29,210.43,128.1
03.02.2020 16:28:23,SearchUI.exe,test_65 ,0   ,1.67,270.79,169.93
03.02.2020 16:28:25,SearchUI.exe,test_65 ,12.3,1.65,268.76,165.56
03.02.2020 16:28:27,SearchUI.exe,test_65 ,6   ,1.29,209.56,127.11
03.02.2020 16:28:29,SearchUI.exe,test_65 ,0   ,1.29,209.71,127.55
03.02.2020 16:28:39,SearchUI.exe,test_66 ,0   ,1.67,271.82,169.41
03.02.2020 16:28:41,SearchUI.exe,test_66 ,16.8,1.6 ,260   ,152.53
03.02.2020 16:28:43,SearchUI.exe,test_66 ,5.3 ,1.3 ,211.26,129.09
03.02.2020 16:28:45,SearchUI.exe,test_66 ,0   ,1.3 ,211.27,129.11
03.02.2020 16:28:55,SearchUI.exe,test_67 ,0   ,1.67,272.05,170.93
03.02.2020 16:28:57,SearchUI.exe,test_67 ,12.1,1.66,270.23,166.99
03.02.2020 16:28:59,SearchUI.exe,test_67 ,11.6,1.3 ,210.9 ,128.46
03.02.2020 16:29:02,SearchUI.exe,test_67 ,0   ,1.3 ,211.05,128.84
03.02.2020 16:29:12,SearchUI.exe,test_68 ,0   ,1.68,273.07,171.68
03.02.2020 16:29:14,SearchUI.exe,test_68 ,14.5,1.67,271.38,167.8
03.02.2020 16:29:17,SearchUI.exe,test_68 ,7.6 ,1.3 ,210.84,128.57
03.02.2020 16:29:18,SearchUI.exe,test_68 ,0.8 ,1.3 ,210.98,128.71
03.02.2020 16:29:29,SearchUI.exe,test_69 ,0   ,1.68,272.6 ,171.24
03.02.2020 16:29:30,SearchUI.exe,test_69 ,18.9,1.58,256.1 ,152.68
03.02.2020 16:29:33,SearchUI.exe,test_69 ,3.4 ,1.3 ,210.98,129.02
03.02.2020 16:29:35,SearchUI.exe,test_69 ,0   ,1.3 ,211.12,129.16
03.02.2020 16:29:45,SearchUI.exe,test_70 ,0   ,1.68,273.94,173.08
03.02.2020 16:29:47,SearchUI.exe,test_70 ,12.6,1.66,270.53,168.38
03.02.2020 16:29:49,SearchUI.exe,test_70 ,7.2 ,1.29,210.03,128.77
03.02.2020 16:29:51,SearchUI.exe,test_70 ,0.8 ,1.29,210.17,128.92
03.02.2020 16:30:01,SearchUI.exe,test_71 ,0   ,1.68,273.52,173.26
03.02.2020 16:30:04,SearchUI.exe,test_71 ,17.4,1.55,251.85,149.19
03.02.2020 16:30:06,SearchUI.exe,test_71 ,0.6 ,1.3 ,211.72,130.45
03.02.2020 16:30:08,SearchUI.exe,test_71 ,0.8 ,1.3 ,211.74,130.47
03.02.2020 16:30:18,SearchUI.exe,test_72 ,0   ,1.68,272.89,171.42
03.02.2020 16:30:20,SearchUI.exe,test_72 ,8.3 ,1.66,270.49,168.74
03.02.2020 16:30:22,SearchUI.exe,test_72 ,8.4 ,1.3 ,211.82,130.53
03.02.2020 16:30:24,SearchUI.exe,test_72 ,0   ,1.3 ,211.82,130.51
03.02.2020 16:30:34,SearchUI.exe,test_73 ,0   ,1.68,273.76,173.85
03.02.2020 16:30:36,SearchUI.exe,test_73 ,10.5,1.67,271.58,169.43
03.02.2020 16:30:38,SearchUI.exe,test_73 ,5.7 ,1.3 ,211.27,130.04
03.02.2020 16:30:41,SearchUI.exe,test_73 ,0   ,1.3 ,211.41,130.14
03.02.2020 16:30:51,SearchUI.exe,test_74 ,0   ,1.64,266.44,166.41
03.02.2020 16:30:52,SearchUI.exe,test_74 ,17.4,1.69,274.83,172.75
03.02.2020 16:30:55,SearchUI.exe,test_74 ,16.9,1.31,213.65,132.07
03.02.2020 16:31:06,SearchUI.exe,test_75 ,0   ,1.68,273.86,172.29
03.02.2020 16:31:08,SearchUI.exe,test_75 ,13.2,1.67,271.72,169.53
03.02.2020 16:31:10,SearchUI.exe,test_75 ,9   ,1.31,212.22,130.95
03.02.2020 16:31:12,SearchUI.exe,test_75 ,0   ,1.31,212.4 ,131.16
03.02.2020 16:31:22,SearchUI.exe,test_76 ,0   ,1.7 ,275.66,173.67
03.02.2020 16:31:24,SearchUI.exe,test_76 ,9.9 ,1.68,272.51,170.01
03.02.2020 16:31:26,SearchUI.exe,test_76 ,11.8,1.32,214.35,132.76
03.02.2020 16:31:28,SearchUI.exe,test_76 ,0.7 ,1.32,213.87,132.27
03.02.2020 16:31:39,SearchUI.exe,test_77 ,0   ,1.64,265.88,167.5
03.02.2020 16:31:41,SearchUI.exe,test_77 ,24  ,1.69,274.34,172.12
03.02.2020 16:31:43,SearchUI.exe,test_77 ,10.6,1.32,213.92,132.31
03.02.2020 16:31:45,SearchUI.exe,test_77 ,1.6 ,1.32,213.88,132.26
03.02.2020 16:31:56,SearchUI.exe,test_78 ,0   ,1.7 ,275.76,175.55
03.02.2020 16:31:58,SearchUI.exe,test_78 ,22.4,1.41,229.65,148.54
03.02.2020 16:32:00,SearchUI.exe,test_78 ,2.1 ,1.32,214.64,133.3
03.02.2020 16:32:02,SearchUI.exe,test_78 ,0.6 ,1.32,214.64,133.3
03.02.2020 16:32:12,SearchUI.exe,test_79 ,0   ,1.69,275.28,175.02
03.02.2020 16:32:14,SearchUI.exe,test_79 ,11.9,1.69,275.39,171.14
03.02.2020 16:32:17,SearchUI.exe,test_79 ,23.5,1.42,230.24,148.36
03.02.2020 16:32:19,SearchUI.exe,test_79 ,2.2 ,1.32,214.45,132.48
03.02.2020 16:32:29,SearchUI.exe,test_80 ,0   ,1.7 ,276.59,175.09
03.02.2020 16:32:31,SearchUI.exe,test_80 ,24.4,1.57,255.67,151.9
03.02.2020 16:32:33,SearchUI.exe,test_80 ,2   ,1.31,213.36,131.16
03.02.2020 16:32:35,SearchUI.exe,test_80 ,0   ,1.31,213.21,130.72
03.02.2020 16:32:45,SearchUI.exe,test_81 ,0   ,1.69,274.93,173.81
03.02.2020 16:32:47,SearchUI.exe,test_81 ,13.7,1.68,273.8 ,170.21
03.02.2020 16:32:50,SearchUI.exe,test_81 ,9.4 ,1.32,213.81,131.3
03.02.2020 16:32:52,SearchUI.exe,test_81 ,2.9 ,1.32,213.92,131.68
03.02.2020 16:33:03,SearchUI.exe,test_82 ,0   ,1.7 ,275.79,173.07
03.02.2020 16:33:05,SearchUI.exe,test_82 ,19.5,1.51,245.35,149.62
03.02.2020 16:33:07,SearchUI.exe,test_82 ,1.8 ,1.32,214.78,132.62
03.02.2020 16:33:09,SearchUI.exe,test_82 ,0.7 ,1.32,214.81,132.64
03.02.2020 16:33:19,SearchUI.exe,test_83 ,0   ,1.71,278.09,176.11
03.02.2020 16:33:21,SearchUI.exe,test_83 ,15.9,1.51,245   ,141.02
03.02.2020 16:33:24,SearchUI.exe,test_83 ,2.5 ,1.33,216.17,134.08
03.02.2020 16:33:26,SearchUI.exe,test_83 ,1.5 ,1.33,216.13,134.05
03.02.2020 16:33:36,SearchUI.exe,test_84 ,0   ,1.72,278.91,175.82
03.02.2020 16:33:38,SearchUI.exe,test_84 ,15.6,1.35,219.21,136.96
03.02.2020 16:33:40,SearchUI.exe,test_84 ,1.5 ,1.33,217   ,134.87
03.02.2020 16:33:42,SearchUI.exe,test_84 ,1.5 ,1.33,216.99,134.87
03.02.2020 16:33:52,SearchUI.exe,test_85 ,0   ,1.72,279.52,177.46
03.02.2020 16:33:54,SearchUI.exe,test_85 ,8.1 ,1.69,275.3 ,173.08
03.02.2020 16:33:56,SearchUI.exe,test_85 ,9.6 ,1.33,216.06,135.09
03.02.2020 16:33:58,SearchUI.exe,test_85 ,0.7 ,1.32,214.68,133.72
03.02.2020 16:34:09,SearchUI.exe,test_86 ,0   ,1.71,277.71,178.6
03.02.2020 16:34:11,SearchUI.exe,test_86 ,16.5,1.33,215.73,134.53
03.02.2020 16:34:13,SearchUI.exe,test_86 ,2.1 ,1.33,215.99,134.96
03.02.2020 16:34:15,SearchUI.exe,test_86 ,2.2 ,1.33,215.43,134.43
03.02.2020 16:34:25,SearchUI.exe,test_87 ,0   ,1.71,278.3 ,178.1
03.02.2020 16:34:27,SearchUI.exe,test_87 ,12  ,1.34,218.62,137.57
03.02.2020 16:34:30,SearchUI.exe,test_87 ,0   ,1.33,216.65,135.77
03.02.2020 16:34:32,SearchUI.exe,test_87 ,0.7 ,1.33,216.18,135.27
03.02.2020 16:34:42,SearchUI.exe,test_88 ,0   ,1.71,278.06,178.25
03.02.2020 16:34:44,SearchUI.exe,test_88 ,13.7,1.69,275.36,174.19
03.02.2020 16:34:46,SearchUI.exe,test_88 ,7.9 ,1.34,217.24,136.88
03.02.2020 16:34:49,SearchUI.exe,test_88 ,0.7 ,1.34,217.25,136.9
03.02.2020 16:34:59,SearchUI.exe,test_89 ,0   ,1.71,277.46,178.25
03.02.2020 16:35:00,SearchUI.exe,test_89 ,16.5,1.7 ,275.91,174.53
03.02.2020 16:35:03,SearchUI.exe,test_89 ,6.8 ,1.33,216.33,135.91
03.02.2020 16:35:05,SearchUI.exe,test_89 ,1.5 ,1.33,216.51,136.07
03.02.2020 16:35:15,SearchUI.exe,test_90 ,0   ,1.71,278.71,178.64
03.02.2020 16:35:17,SearchUI.exe,test_90 ,15.7,1.34,217.88,137.43
03.02.2020 16:35:20,SearchUI.exe,test_90 ,1.3 ,1.32,215.36,134.89
03.02.2020 16:35:22,SearchUI.exe,test_90 ,2.2 ,1.32,215.32,134.88
03.02.2020 16:35:32,SearchUI.exe,test_91 ,0   ,1.71,277.36,176.22
03.02.2020 16:35:34,SearchUI.exe,test_91 ,14.2,1.35,219.06,138.54
03.02.2020 16:35:36,SearchUI.exe,test_91 ,1.3 ,1.33,216.57,136.12
03.02.2020 16:35:39,SearchUI.exe,test_91 ,1.5 ,1.33,216.55,136.09
03.02.2020 16:35:49,SearchUI.exe,test_92 ,0   ,1.71,277.37,176.01
03.02.2020 16:35:51,SearchUI.exe,test_92 ,23.5,1.34,217.67,137.05
03.02.2020 16:35:53,SearchUI.exe,test_92 ,2.1 ,1.34,217.97,137.6
03.02.2020 16:35:55,SearchUI.exe,test_92 ,1.5 ,1.34,217.79,137.16
03.02.2020 16:36:05,SearchUI.exe,test_93 ,0   ,1.71,278.79,177.54
03.02.2020 16:36:07,SearchUI.exe,test_93 ,19.3,1.35,219.95,139.24
03.02.2020 16:36:10,SearchUI.exe,test_93 ,0   ,1.34,217.94,137.25
03.02.2020 16:36:12,SearchUI.exe,test_93 ,2.2 ,1.34,217.8 ,137.16
03.02.2020 16:36:22,SearchUI.exe,test_94 ,0   ,1.72,279.11,178.01
03.02.2020 16:36:24,SearchUI.exe,test_94 ,16.3,1.51,245.43,143.29
03.02.2020 16:36:26,SearchUI.exe,test_94 ,1.2 ,1.33,216.23,135.82
03.02.2020 16:36:29,SearchUI.exe,test_94 ,0.7 ,1.33,216.26,135.84
03.02.2020 16:36:39,SearchUI.exe,test_95 ,0   ,1.71,277.71,176.86
03.02.2020 16:36:41,SearchUI.exe,test_95 ,17  ,1.35,219.96,139.38
03.02.2020 16:36:43,SearchUI.exe,test_95 ,1.3 ,1.34,218.39,137.89
03.02.2020 16:36:46,SearchUI.exe,test_95 ,0   ,1.34,218   ,137.5
03.02.2020 16:36:56,SearchUI.exe,test_96 ,0   ,1.72,279.78,178.94
03.02.2020 16:36:58,SearchUI.exe,test_96 ,15.7,1.34,218.5 ,138
03.02.2020 16:37:00,SearchUI.exe,test_96 ,0.7 ,1.34,218.63,138.19
03.02.2020 16:37:03,SearchUI.exe,test_96 ,1.2 ,1.32,215.13,136.4
03.02.2020 16:37:13,SearchUI.exe,test_97 ,0   ,1.73,280.71,179.69
03.02.2020 16:37:15,SearchUI.exe,test_97 ,17.5,1.36,220.41,140.15
03.02.2020 16:37:17,SearchUI.exe,test_97 ,1.9 ,1.34,217.5 ,137.11
03.02.2020 16:37:19,SearchUI.exe,test_97 ,0   ,1.34,217.27,136.93
03.02.2020 16:37:29,SearchUI.exe,test_98 ,0   ,1.72,280.09,178.86
03.02.2020 16:37:31,SearchUI.exe,test_98 ,12.6,1.34,218.06,137.33
03.02.2020 16:37:34,SearchUI.exe,test_98 ,0.6 ,1.34,218.18,137.72
03.02.2020 16:37:36,SearchUI.exe,test_98 ,0.7 ,1.34,218.18,137.75
03.02.2020 16:37:46,SearchUI.exe,test_99 ,0   ,1.72,280.35,179.52
03.02.2020 16:37:49,SearchUI.exe,test_99 ,38.4,1.44,233.4 ,156.37
03.02.2020 16:37:51,SearchUI.exe,test_99 ,16  ,1.43,232.48,152.12
03.02.2020 16:38:03,SearchUI.exe,test_100,0   ,1.75,285.11,182.91
03.02.2020 16:38:06,SearchUI.exe,test_100,16.3,1.36,221.33,139.73
03.02.2020 16:38:08,SearchUI.exe,test_100,2   ,1.36,221.63,140.32
